identificacion,nombre,correo,celular,calificacion,foto_id
651505136,Boyd Fulbrook,bfulbrook0@cornell.edu,(873) 2804486,0.21,2
942156046,Abbye Reubel,areubel1@google.ru,(299) 1104162,3.09,3
398050107,Eadie Kobpal,ekobpal2@lycos.com,(338) 2953235,2.56,4
618109576,Morty Gage,mgage3@latimes.com,(196) 4620767,2.04,5
33537083,Carl Sheddan,csheddan4@redcross.org,(375) 8062378,1.7,6
464779217,Ros Flux,rflux5@liveinternet.ru,(167) 9611074,1.51,7
61196831,Thornton Hempshall,thempshall6@w3.org,(817) 9744454,0.83,8
484217611,Alex Winscum,awinscum7@macromedia.com,(112) 8722947,1.43,9
265740062,Lyon Mengo,lmengo8@tinypic.com,(129) 1693367,2.79,10
527728367,Marilyn Lyddiard,mlyddiard9@discuz.net,(579) 8704723,1.1,11
